repository	project	package	source	action
matchms/matchms	matchms	matchms	pypi	downloads
matchms/matchms	matchms	matchms	bioconda	downloads
matchms/matchms	matchms	matchms	GitHub	views
matchms/matchms	matchms	matchms	GitHub	clones
cbroeckl/RAMClustR	RAMClustR	RAMClustR	CRAN	downloads
cbroeckl/RAMClustR	RAMClustR	r-ramclustr	bioconda	downloads
RECETOX/RIAssigner	RIAssigner	RIAssigner	pypi	downloads
RECETOX/RIAssigner	RIAssigner	riassigner	bioconda	downloads
RECETOX/RIAssigner	RIAssigner	RIAssigner	GitHub	views
RECETOX/RIAssigner	RIAssigner	RIAssigner	GitHub	clones
RECETOX/MSMetaEnhancer	MSMetaEnhancer	MSMetaEnhancer	pypi	downloads
RECETOX/MSMetaEnhancer	MSMetaEnhancer	msmetaenhancer	bioconda	downloads
RECETOX/MSMetaEnhancer	MSMetaEnhancer	MSMetaEnhancer	GitHub	views
RECETOX/MSMetaEnhancer	MSMetaEnhancer	MSMetaEnhancer	GitHub	clones
RECETOX/recetox-aplcms	recetox-aplcms	r-recetox-aplcms	bioconda	downloads
RECETOX/recetox-aplcms	recetox-aplcms	recetox-aplcms	GitHub	views
RECETOX/recetox-aplcms	recetox-aplcms	recetox-aplcms	GitHub	clones
RECETOX/wtv	wtv	wtv	pypi	downloads
RECETOX/wtv	wtv	wtv	bioconda	downloads
RECETOX/wtv	wtv	wtv	GitHub	views
RECETOX/wtv	wtv	wtv	GitHub	clones
RECETOX/rcx-tk	rcx-tk	rcx-tk	pypi	downloads
RECETOX/rcx-tk	rcx-tk	rcx-tk	bioconda	downloads
RECETOX/rcx-tk	rcx-tk	rcx-tk	GitHub	views
RECETOX/rcx-tk	rcx-tk	rcx-tk	GitHub	clones
RECETOX/WaveICA	recetox-waveica	r-recetox-waveica	bioconda	downloads
RECETOX/WaveICA	recetox-waveica	recetox-waveica	GitHub	views
RECETOX/WaveICA	recetox-waveica	recetox-waveica	GitHub	clones
RECETOX/MFAssignR	MFAssignR	r-mfassignr	bioconda	downloads
RECETOX/MFAssignR	MFAssignR	MFAssignR	GitHub	views
RECETOX/MFAssignR	MFAssignR	MFAssignR	GitHub	clones
RECETOX/gc-meox-tms	gc-meox-tms	gc-meox-tms	pypi	downloads
RECETOX/gc-meox-tms	gc-meox-tms	gc-meox-tms	bioconda	downloads
RECETOX/gc-meox-tms	gc-meox-tms	gc-meox-tms	GitHub	views
RECETOX/gc-meox-tms	gc-meox-tms	gc-meox-tms	GitHub	clones
matchms/ms2deepscore	ms2deepscore	ms2deepscore	pypi	downloads
matchms/ms2deepscore	ms2deepscore	ms2deepscore	bioconda	downloads
matchms/ms2deepscore	ms2deepscore	ms2deepscore	GitHub	views
matchms/ms2deepscore	ms2deepscore	ms2deepscore	GitHub	clones
iomega/spec2vec	spec2vec	spec2vec	pypi	downloads
iomega/spec2vec	spec2vec	spec2vec	bioconda	downloads
iomega/spec2vec	spec2vec	spec2vec	GitHub	views
iomega/spec2vec	spec2vec	spec2vec	GitHub	clones
